{"cameraMode":{"drawMode":0,"name":"Shaded","section":"Shading Mode"},"sceneLighting":true,"audioPlay":false,"sceneViewState":{"showFog":true,"showMaterialUpdate":false,"showSkybox":true,"showFlares":true,"showImageEffects":true,"showParticleSystems":true},"in2DMode":false,"pivot":{"x":-2.2535133361816408,"y":-2.7505440711975099,"z":4.928743362426758},"rotation":{"x":-0.26190516352653506,"y":0.38339248299598696,"z":-0.11432996392250061,"w":-0.8782709836959839},"size":12.61091136932373,"orthographic":false}